[
  {
    "title": "Tech companies race to build larger AI models",
    "summary": "Reuters: Major AI labs continue scaling efforts with reports of training runs approaching unprecedented compute budgets.",
    "url": "https://reuters.com/technology/ai-scaling-2024",
    "publisher": "Reuters",
    "published_at": "2024-11-15T00:00:00Z"
  },
  {
    "title": "AI coding assistants show rapid improvement",
    "summary": "AP: Industry observers note significant progress in AI-powered software development tools over the past year.",
    "url": "https://apnews.com/ai-coding-tools-2024",
    "publisher": "Associated Press",
    "published_at": "2024-12-01T00:00:00Z"
  }
]
